{
	"textures": {
		"0": "block/red_concrete",
		"particle": "block/red_concrete"
	},
	"elements": [
		{
			"from": [7, 7, 7],
			"to": [9, 9, 9],
			"rotation": {"angle": 0, "axis": "y", "origin": [8, 11, 14]},
			"faces": {
				"north": {"uv": [0, 0, 2, 2], "texture": "#0"},
				"east": {"uv": [0, 0, 2, 2], "texture": "#0"},
				"south": {"uv": [0, 0, 2, 2], "texture": "#0"},
				"west": {"uv": [0, 0, 2, 2], "texture": "#0"},
				"up": {"uv": [0, 0, 2, 2], "texture": "#0"},
				"down": {"uv": [0, 0, 2, 2], "texture": "#0"}
			}
		}
	],
	"display": {
		"ground": {
			"translation": [0, -2.25, 0]
		},
		"gui": {
			"rotation": [25, 25, 10],
			"translation": [0.25, 0, 0],
			"scale": [4, 4, 4]
		},
		"head": {
			"translation": [0, -3.75, -7]
		},
		"fixed": {
			"scale": [2, 2, 2]
		}
	}
}