{
	"texture_size": [64, 64],
	"textures": {
		"0": "./mimzyy_machine",
		"particle": "./mimzyy_machine"
	},
	"elements": [
		{
			"from": [1.01923, 0, 0.46154],
			"to": [15.01923, 16, 14.46154],
			"rotation": {"angle": 0, "axis": "y", "origin": [0.26923, 0, -0.53846]},
			"faces": {
				"north": {"uv": [11.5, 4, 15, 8], "texture": "#0"},
				"east": {"uv": [0.75, 4, 4.25, 8], "texture": "#0"},
				"south": {"uv": [8, 4, 11.5, 8], "texture": "#0"},
				"west": {"uv": [4.25, 4, 7.75, 8], "texture": "#0"},
				"up": {"uv": [9, 9, 16, 16], "texture": "#0"},
				"down": {"uv": [0.75, 8, 4.25, 11.5], "texture": "#0"}
			}
		},
		{
			"name": "coin thing",
			"from": [11.01923, 9, 14.46154],
			"to": [13.01923, 12, 14.71154],
			"rotation": {"angle": 0, "axis": "y", "origin": [0.26923, 0, -0.53846]},
			"faces": {
				"north": {"uv": [0.5, 1.5, 1, 2.25], "texture": "#0"},
				"east": {"uv": [0.75, 1.5, 0.8125, 2.25], "texture": "#0"},
				"south": {"uv": [0.5, 1.5, 1, 2.25], "texture": "#0"},
				"west": {"uv": [0.5, 1.5, 0.5625, 2.25], "texture": "#0"},
				"up": {"uv": [0.5, 1.5, 1, 1.5625], "texture": "#0"},
				"down": {"uv": [0.5, 2, 1, 2.0625], "texture": "#0"}
			}
		},
		{
			"from": [1.01923, 16, 0.46154],
			"to": [15.01923, 32, 6.46154],
			"rotation": {"angle": 0, "axis": "y", "origin": [0.26923, 0, -0.53846]},
			"faces": {
				"north": {"uv": [11.5, 0, 15, 4], "texture": "#0"},
				"east": {"uv": [2.75, 0, 4.25, 4], "texture": "#0"},
				"south": {"uv": [8.25, 0, 11.75, 4], "texture": "#0"},
				"west": {"uv": [4.25, 0, 5.75, 4], "texture": "#0"},
				"up": {"uv": [11.5, 13.25, 15, 11.75], "texture": "#0"},
				"down": {"uv": [9, 10, 16, 13], "texture": "#0"}
			}
		},
		{
			"from": [1.01923, 28, 6.46154],
			"to": [15.01923, 32, 17.46154],
			"rotation": {"angle": 0, "axis": "y", "origin": [0.26923, 0, -0.53846]},
			"faces": {
				"north": {"uv": [0, 0, 14, 4], "texture": "#0"},
				"east": {"uv": [0, 0, 2.75, 1], "texture": "#0"},
				"south": {"uv": [11.5, 8, 15, 9], "texture": "#0"},
				"west": {"uv": [5.75, 0, 8.5, 1], "texture": "#0"},
				"up": {"uv": [11.5, 11.75, 15, 9], "texture": "#0"},
				"down": {"uv": [8, 8.75, 11.5, 11.5], "texture": "#0"}
			}
		},
		{
			"from": [1.01923, 19, 6.46154],
			"to": [2.01923, 28, 10.46154],
			"rotation": {"angle": 0, "axis": "y", "origin": [0.26923, 0, -0.53846]},
			"faces": {
				"north": {"uv": [0, 0, 1, 9], "texture": "#missing"},
				"east": {"uv": [16, 0, 15, 2.25], "texture": "#0"},
				"south": {"uv": [15.75, 0, 16, 2.25], "texture": "#0"},
				"west": {"uv": [5.75, 1, 6.75, 3.25], "texture": "#0"},
				"up": {"uv": [0, 0, 1, 4], "texture": "#missing"},
				"down": {"uv": [0, 0, 1, 4], "texture": "#missing"}
			}
		},
		{
			"from": [2.01923, 19, 6.46154],
			"to": [3.01923, 28, 7.46154],
			"rotation": {"angle": 0, "axis": "y", "origin": [0.26923, 0, -0.53846]},
			"faces": {
				"north": {"uv": [0, 0, 1, 9], "texture": "#missing"},
				"east": {"uv": [8.5, 1, 8.75, 3.25], "texture": "#0"},
				"south": {"uv": [11.25, 1, 11.5, 3.25], "texture": "#0"},
				"west": {"uv": [0, 0, 1, 9], "texture": "#missing"},
				"up": {"uv": [0, 0, 1, 1], "texture": "#missing"},
				"down": {"uv": [0, 0, 1, 1], "texture": "#missing"}
			}
		},
		{
			"from": [13.01923, 19, 6.46154],
			"to": [14.01923, 28, 7.46154],
			"rotation": {"angle": 0, "axis": "y", "origin": [0.26923, 0, -0.53846]},
			"faces": {
				"north": {"uv": [0, 0, 1, 9], "texture": "#missing"},
				"east": {"uv": [0, 0, 1, 9], "texture": "#missing"},
				"south": {"uv": [11.25, 1, 11.5, 3.25], "texture": "#0"},
				"west": {"uv": [8.5, 1, 8.75, 3.25], "texture": "#0"},
				"up": {"uv": [0, 0, 1, 1], "texture": "#missing"},
				"down": {"uv": [0, 0, 1, 1], "texture": "#missing"}
			}
		},
		{
			"from": [3.01923, 27, 6.46154],
			"to": [13.01923, 28, 7.46154],
			"rotation": {"angle": 0, "axis": "y", "origin": [13.76923, 23.5, 5.96154]},
			"faces": {
				"north": {"uv": [0, 0, 1, 10], "rotation": 90, "texture": "#missing"},
				"east": {"uv": [0, 0, 1, 1], "rotation": 270, "texture": "#missing"},
				"south": {"uv": [8.75, 1, 11.25, 1.25], "rotation": 180, "texture": "#0"},
				"west": {"uv": [0, 0, 1, 1], "rotation": 270, "texture": "#missing"},
				"up": {"uv": [0, 0, 1, 10], "rotation": 270, "texture": "#missing"},
				"down": {"uv": [8.75, 3, 11.25, 3.25], "rotation": 180, "texture": "#0"}
			}
		},
		{
			"from": [3.01923, 19, 6.46154],
			"to": [13.01923, 20, 7.46154],
			"rotation": {"angle": 0, "axis": "y", "origin": [13.76923, 23.5, 5.96154]},
			"faces": {
				"north": {"uv": [0, 0, 1, 10], "rotation": 90, "texture": "#missing"},
				"east": {"uv": [0, 0, 1, 1], "rotation": 270, "texture": "#missing"},
				"south": {"uv": [8.75, 1, 11.25, 1.25], "rotation": 180, "texture": "#0"},
				"west": {"uv": [0, 0, 1, 1], "rotation": 270, "texture": "#missing"},
				"up": {"uv": [8.75, 3, 11.25, 3.25], "rotation": 180, "texture": "#0"},
				"down": {"uv": [0, 0, 1, 10], "rotation": 270, "texture": "#missing"}
			}
		},
		{
			"from": [1.01923, 19, 10.46154],
			"to": [2.01923, 20, 13.46154],
			"rotation": {"angle": 0, "axis": "y", "origin": [0.26923, 0, -0.53846]},
			"faces": {
				"north": {"uv": [0, 0, 1, 1], "texture": "#missing"},
				"east": {"uv": [16, 2.25, 15.25, 2.5], "texture": "#0"},
				"south": {"uv": [15.75, 2.25, 16, 2.5], "texture": "#0"},
				"west": {"uv": [6.75, 3, 7.5, 3.25], "texture": "#0"},
				"up": {"uv": [15.75, 1.25, 16, 2], "texture": "#0"},
				"down": {"uv": [0, 0, 1, 3], "texture": "#missing"}
			}
		},
		{
			"from": [14.01923, 19, 10.46154],
			"to": [15.01923, 20, 13.46154],
			"rotation": {"angle": 0, "axis": "y", "origin": [0.26923, 0, -0.53846]},
			"faces": {
				"north": {"uv": [0, 0, 1, 1], "texture": "#missing"},
				"east": {"uv": [1, 3, 1.75, 3.25], "texture": "#0"},
				"south": {"uv": [15.75, 2.25, 16, 2.5], "texture": "#0"},
				"west": {"uv": [15.25, 2.25, 16, 2.5], "texture": "#0"},
				"up": {"uv": [15.75, 1.25, 16, 2], "texture": "#0"},
				"down": {"uv": [0, 0, 1, 3], "texture": "#missing"}
			}
		},
		{
			"from": [14.01923, 19, 6.46154],
			"to": [15.01923, 28, 10.46154],
			"rotation": {"angle": 0, "axis": "y", "origin": [0.26923, 0, -0.53846]},
			"faces": {
				"north": {"uv": [0, 0, 1, 9], "texture": "#missing"},
				"east": {"uv": [1.75, 1, 2.75, 3.25], "texture": "#0"},
				"south": {"uv": [15.75, 0, 16, 2.25], "texture": "#0"},
				"west": {"uv": [15, 0, 16, 2.25], "texture": "#0"},
				"up": {"uv": [0, 0, 1, 4], "texture": "#missing"},
				"down": {"uv": [0, 0, 1, 4], "texture": "#missing"}
			}
		},
		{
			"from": [1.01923, 16, 6.46154],
			"to": [15.01923, 19, 16.46154],
			"rotation": {"angle": 0, "axis": "y", "origin": [0.26923, 0, -0.53846]},
			"faces": {
				"north": {"uv": [0, 0, 14, 3], "texture": "#0"},
				"east": {"uv": [0.25, 3.25, 2.75, 4], "texture": "#0"},
				"south": {"uv": [8, 8, 11.5, 8.75], "texture": "#0"},
				"west": {"uv": [5.75, 3.25, 8.25, 4], "texture": "#0"},
				"up": {"uv": [4.25, 7.75, 7.75, 10.25], "texture": "#0"},
				"down": {"uv": [8, 4.5, 11.5, 7], "texture": "#0"}
			}
		},
		{
			"from": [12.75, 19, 14.5],
			"to": [13.75, 19.25, 15.5],
			"faces": {
				"north": {"uv": [1.25, 2.5, 1.5, 2.5625], "texture": "#0"},
				"east": {"uv": [1.25, 2.5, 1.5, 2.5625], "texture": "#0"},
				"south": {"uv": [1, 2.5, 1.25, 2.5625], "texture": "#0"},
				"west": {"uv": [1.25, 2.5, 1.5, 2.5625], "texture": "#0"},
				"up": {"uv": [1.25, 2.5, 1.5, 2.75], "texture": "#0"},
				"down": {"uv": [1.25, 2.5, 1.5, 2.75], "texture": "#0"}
			}
		},
		{
			"from": [10.75, 19, 14.5],
			"to": [11.75, 19.25, 15.5],
			"faces": {
				"north": {"uv": [0.5, 2.5, 0.75, 2.5625], "texture": "#0"},
				"east": {"uv": [0.75, 2.5, 1, 2.5625], "texture": "#0"},
				"south": {"uv": [0.75, 2.5, 1, 2.5625], "texture": "#0"},
				"west": {"uv": [0.5, 2.5, 0.75, 2.5625], "texture": "#0"},
				"up": {"uv": [0.5, 2.25, 0.75, 2.5], "texture": "#0"},
				"down": {"uv": [0.5, 2.25, 0.75, 2.5], "texture": "#0"}
			}
		},
		{
			"from": [8.75, 19, 14.5],
			"to": [9.75, 19.25, 15.5],
			"faces": {
				"north": {"uv": [0, 2.25, 0.25, 2.3125], "texture": "#0"},
				"east": {"uv": [0, 2.25, 0.25, 2.3125], "texture": "#0"},
				"south": {"uv": [0, 2.25, 0.25, 2.3125], "texture": "#0"},
				"west": {"uv": [0, 2.25, 0.25, 2.3125], "texture": "#0"},
				"up": {"uv": [0, 2.25, 0.25, 2.5], "texture": "#0"},
				"down": {"uv": [0, 2.25, 0.25, 2.5], "texture": "#0"}
			}
		},
		{
			"from": [11.75, 19, 12.5],
			"to": [12.75, 19.25, 13.5],
			"faces": {
				"north": {"uv": [1.25, 2.5, 1.5, 2.5625], "texture": "#0"},
				"east": {"uv": [1.25, 2.5, 1.5, 2.5625], "texture": "#0"},
				"south": {"uv": [1, 2.5, 1.25, 2.5625], "texture": "#0"},
				"west": {"uv": [1.25, 2.5, 1.5, 2.5625], "texture": "#0"},
				"up": {"uv": [1.25, 2.5, 1.5, 2.75], "texture": "#0"},
				"down": {"uv": [1.25, 2.5, 1.5, 2.75], "texture": "#0"}
			}
		},
		{
			"from": [9.75, 19, 12.5],
			"to": [10.75, 19.25, 13.5],
			"faces": {
				"north": {"uv": [0.5, 2.5, 0.75, 2.5625], "texture": "#0"},
				"east": {"uv": [0.75, 2.5, 1, 2.5625], "texture": "#0"},
				"south": {"uv": [0.75, 2.5, 1, 2.5625], "texture": "#0"},
				"west": {"uv": [0.5, 2.5, 0.75, 2.5625], "texture": "#0"},
				"up": {"uv": [0.5, 2.25, 0.75, 2.5], "texture": "#0"},
				"down": {"uv": [0.5, 2.25, 0.75, 2.5], "texture": "#0"}
			}
		},
		{
			"from": [7.75, 19, 12.5],
			"to": [8.75, 19.25, 13.5],
			"faces": {
				"north": {"uv": [0, 2.25, 0.25, 2.3125], "texture": "#0"},
				"east": {"uv": [0, 2.25, 0.25, 2.3125], "texture": "#0"},
				"south": {"uv": [0, 2.25, 0.25, 2.3125], "texture": "#0"},
				"west": {"uv": [0, 2.25, 0.25, 2.3125], "texture": "#0"},
				"up": {"uv": [0, 2.25, 0.25, 2.5], "texture": "#0"},
				"down": {"uv": [0, 2.25, 0.25, 2.5], "texture": "#0"}
			}
		},
		{
			"from": [4.26923, 19, 13.71154],
			"to": [4.76923, 20.25, 14.21154],
			"rotation": {"angle": 0, "axis": "y", "origin": [0.26923, 0, -0.53846]},
			"faces": {
				"north": {"uv": [1, 1.75, 1.125, 2.0625], "texture": "#0"},
				"east": {"uv": [1, 1.75, 1.125, 2.0625], "texture": "#0"},
				"south": {"uv": [1, 1.75, 1.125, 2.0625], "texture": "#0"},
				"west": {"uv": [1, 1.75, 1.125, 2.0625], "texture": "#0"},
				"up": {"uv": [1, 2, 1.125, 2.125], "texture": "#0"},
				"down": {"uv": [1, 2, 1.125, 2.125], "texture": "#0"}
			}
		},
		{
			"from": [4.01923, 20.25, 13.46154],
			"to": [5.01923, 21.25, 14.46154],
			"rotation": {"angle": 0, "axis": "y", "origin": [0.26923, 0, -0.53846]},
			"faces": {
				"north": {"uv": [1, 1.25, 1.25, 1.5], "texture": "#0"},
				"east": {"uv": [1, 1.25, 1.25, 1.5], "texture": "#0"},
				"south": {"uv": [1, 1.25, 1.25, 1.5], "texture": "#0"},
				"west": {"uv": [1, 1.25, 1.25, 1.5], "texture": "#0"},
				"up": {"uv": [1, 1.25, 1.25, 1.5], "texture": "#0"},
				"down": {"uv": [1, 1.25, 1.25, 1.5], "texture": "#0"}
			}
		}
	],
	"display": {
		"thirdperson_righthand": {
			"rotation": [30, -180, 0],
			"translation": [0, -0.25, 0],
			"scale": [0.16, 0.16, 0.16]
		},
		"thirdperson_lefthand": {
			"rotation": [60, -180, 0],
			"translation": [0, -0.25, 0],
			"scale": [0.16, 0.16, 0.16]
		},
		"firstperson_righthand": {
			"rotation": [-1, -126, 0],
			"translation": [1.25, 0.75, 0.5],
			"scale": [0.26, 0.26, 0.26]
		},
		"firstperson_lefthand": {
			"rotation": [-1, -126, 0],
			"translation": [1.25, 0.75, 0.5],
			"scale": [0.26, 0.26, 0.26]
		},
		"ground": {
			"translation": [0, -1.5, 0],
			"scale": [0.26, 0.26, 0.26]
		},
		"gui": {
			"rotation": [-4, 43, 24],
			"translation": [1.5, -3.75, 0],
			"scale": [0.47, 0.47, 0.47]
		},
		"head": {
			"rotation": [0, -180, 0],
			"translation": [0, 1, -0.5],
			"scale": [1.05, 1.05, 1.05]
		},
		"fixed": {
			"rotation": [-90, 0, 0],
			"translation": [0, 0, -14],
			"scale": [2, 2, 2]
		}
	},
	"groups": [
		{
			"name": "cabinet",
			"origin": [8, 8, 8],
			"color": 0,
			"children": [0, 1, 2, 3, 4, 5, 6, 7, 8, 9, 10, 11, 12]
		},
		{
			"name": "buttons",
			"origin": [8, 8, 8],
			"color": 0,
			"children": [13, 14, 15, 16, 17, 18]
		}, 19, 20]
}