{
	"textures": {
		"1": "block/bone_block_top",
		"2": "block/gold_block",
		"particle": "minecraft assets:block/gold_block"
	},
	"elements": [
		{
			"from": [-2.226, 9.976, 6.32],
			"to": [1.52, 13.56, 9.87],
			"rotation": {"angle": 0, "axis": "y", "origin": [-0.16943, 12.0136, 7.74812]},
			"faces": {
				"north": {"uv": [0, 0, 3.746, 3.584], "texture": "#1"},
				"east": {"uv": [11, 1, 14.55, 4.584], "texture": "#1"},
				"south": {"uv": [1, 1, 4.746, 4.584], "texture": "#1"},
				"west": {"uv": [1, 1, 4.55, 4.584], "texture": "#1"},
				"up": {"uv": [12, 12, 15.746, 15.55], "texture": "#1"},
				"down": {"uv": [4, 5, 7.746, 8.55], "texture": "#1"}
			}
		},
		{
			"from": [-1.226, 9.726, 5.32],
			"to": [1.77, 12.56, 7.62],
			"rotation": {"angle": -22.5, "axis": "x", "origin": [0.397, 11.018, 5.97]},
			"faces": {
				"north": {"uv": [0, 0, 2.996, 2.834], "texture": "#1"},
				"east": {"uv": [8, 7, 10.3, 9.834], "texture": "#1"},
				"south": {"uv": [0, 0, 2.996, 2.834], "texture": "#1"},
				"west": {"uv": [0, 0, 2.3, 2.834], "texture": "#1"},
				"up": {"uv": [3, 3, 5.996, 5.3], "texture": "#1"},
				"down": {"uv": [6, 5, 8.996, 7.3], "texture": "#1"}
			}
		},
		{
			"from": [-1.678, 10.75047, 8.88125],
			"to": [1.412, 14.03047, 11.89125],
			"rotation": {"angle": 22.5, "axis": "x", "origin": [-0.16943, 12.0136, 7.74812]},
			"faces": {
				"north": {"uv": [0, 0, 3.09, 3.28], "texture": "#1"},
				"east": {"uv": [10, 2, 13.01, 5.28], "texture": "#1"},
				"south": {"uv": [0, 0, 3.09, 3.28], "texture": "#1"},
				"west": {"uv": [2, 1, 5.01, 4.28], "texture": "#1"},
				"up": {"uv": [0, 0, 3.09, 3.01], "texture": "#1"},
				"down": {"uv": [0, 0, 3.09, 3.01], "texture": "#1"}
			}
		},
		{
			"from": [-1.928, 10.50047, 10.88125],
			"to": [1.662, 14.28047, 11.39125],
			"rotation": {"angle": 22.5, "axis": "x", "origin": [-0.16943, 12.0136, 7.74812]},
			"faces": {
				"north": {"uv": [0, 0, 3.59, 3.78], "texture": "#2"},
				"east": {"uv": [10, 2, 10.51, 5.78], "texture": "#2"},
				"south": {"uv": [0, 0, 3.59, 3.78], "texture": "#2"},
				"west": {"uv": [2, 1, 2.51, 4.78], "texture": "#2"},
				"up": {"uv": [0, 0, 3.59, 0.51], "texture": "#2"},
				"down": {"uv": [0, 0, 3.59, 0.51], "texture": "#2"}
			}
		},
		{
			"from": [-1.308, 8.9249, 10.6585],
			"to": [1.392, 11.6449, 13.0685],
			"rotation": {"angle": 45, "axis": "x", "origin": [0.167, 10.2849, 11.8635]},
			"faces": {
				"north": {"uv": [0, 0, 2.7, 2.72], "texture": "#1"},
				"east": {"uv": [10, 5, 12.41, 7.72], "texture": "#1"},
				"south": {"uv": [0, 0, 2.7, 2.72], "texture": "#1"},
				"west": {"uv": [2, 2, 4.41, 4.72], "texture": "#1"},
				"up": {"uv": [0, 0, 2.7, 2.41], "texture": "#1"},
				"down": {"uv": [0, 0, 2.7, 2.41], "texture": "#1"}
			}
		},
		{
			"from": [-1.038, 6.3092, 10.05608],
			"to": [1.23, 8.4692, 12.23608],
			"rotation": {"angle": -22.5, "axis": "x", "origin": [-0.16943, 12.0136, 7.74812]},
			"faces": {
				"north": {"uv": [0, 0, 2.268, 2.16], "rotation": 180, "texture": "#1"},
				"east": {"uv": [8, 7, 10.16, 9.18], "rotation": 270, "texture": "#1"},
				"south": {"uv": [0, 0, 2.268, 2.16], "texture": "#1"},
				"west": {"uv": [2, 2, 4.16, 4.18], "rotation": 90, "texture": "#1"},
				"up": {"uv": [0, 0, 2.268, 2.18], "rotation": 180, "texture": "#1"},
				"down": {"uv": [0, 0, 2.268, 2.18], "texture": "#1"}
			}
		},
		{
			"from": [-0.802, 7.06873, 12.06547],
			"to": [0.96, 9.22873, 13.70547],
			"rotation": {"angle": 0, "axis": "y", "origin": [-0.16943, 12.0136, 7.74812]},
			"faces": {
				"north": {"uv": [3, 2, 4.762, 4.16], "rotation": 180, "texture": "#1"},
				"east": {"uv": [8, 6, 10.16, 7.64], "rotation": 270, "texture": "#1"},
				"south": {"uv": [0, 0, 1.762, 2.16], "texture": "#1"},
				"west": {"uv": [2, 3, 4.16, 4.64], "rotation": 90, "texture": "#1"},
				"up": {"uv": [0, 0, 1.762, 1.64], "rotation": 180, "texture": "#1"},
				"down": {"uv": [0, 0, 1.762, 1.64], "texture": "#1"}
			}
		},
		{
			"from": [-0.586, 8.04163, 13.5662],
			"to": [0.694, 9.66163, 14.6662],
			"rotation": {"angle": 22.5, "axis": "x", "origin": [-0.16943, 12.0136, 7.74812]},
			"faces": {
				"north": {"uv": [3, 2, 4.28, 3.62], "rotation": 180, "texture": "#1"},
				"east": {"uv": [11, 1, 12.62, 2.1], "rotation": 270, "texture": "#1"},
				"south": {"uv": [0, 0, 1.28, 1.62], "texture": "#1"},
				"west": {"uv": [0, 0, 1.62, 1.1], "rotation": 90, "texture": "#1"},
				"up": {"uv": [0, 0, 1.28, 1.1], "rotation": 180, "texture": "#1"},
				"down": {"uv": [0, 0, 1.28, 1.1], "texture": "#1"}
			}
		},
		{
			"from": [-0.836, 8.54163, 13.3162],
			"to": [0.944, 8.91163, 14.9162],
			"rotation": {"angle": 22.5, "axis": "x", "origin": [-0.16943, 12.0136, 7.74812]},
			"faces": {
				"north": {"uv": [3, 2, 4.78, 2.37], "rotation": 180, "texture": "#2"},
				"east": {"uv": [11, 1, 11.37, 2.6], "rotation": 270, "texture": "#2"},
				"south": {"uv": [0, 0, 1.78, 0.37], "texture": "#2"},
				"west": {"uv": [0, 0, 0.37, 1.6], "rotation": 90, "texture": "#2"},
				"up": {"uv": [0, 0, 1.78, 1.6], "rotation": 180, "texture": "#2"},
				"down": {"uv": [0, 0, 1.78, 1.6], "texture": "#2"}
			}
		},
		{
			"from": [-0.316, 5.10213, 11.39478],
			"to": [0.324, 6.52213, 11.97478],
			"rotation": {"angle": 45, "axis": "x", "origin": [0.079, 5.71213, 11.80978]},
			"faces": {
				"north": {"uv": [0, 0, 0.64, 1.42], "rotation": 180, "texture": "#1"},
				"east": {"uv": [11, 1, 12.42, 1.58], "rotation": 270, "texture": "#1"},
				"south": {"uv": [0, 0, 1.5, 2], "texture": "#1"},
				"west": {"uv": [0, 0, 2, 1.5], "rotation": 90, "texture": "#1"},
				"up": {"uv": [0, 0, 1.5, 1.5], "rotation": 180, "texture": "#1"},
				"down": {"uv": [0, 0, 1.5, 1.5], "texture": "#1"}
			}
		},
		{
			"from": [-0.266, 5.00341, 10.65428],
			"to": [0.024, 5.48341, 11.52428],
			"rotation": {"angle": -22.5, "axis": "x", "origin": [-0.421, 5.09341, 11.01428]},
			"faces": {
				"north": {"uv": [0, 0, 0.29, 0.48], "rotation": 180, "texture": "#1"},
				"east": {"uv": [11, 1, 11.87, 1.48], "rotation": 180, "texture": "#1"},
				"south": {"uv": [0, 0, 0.29, 0.48], "rotation": 180, "texture": "#1"},
				"west": {"uv": [0, 0, 0.87, 0.48], "rotation": 180, "texture": "#1"},
				"up": {"uv": [0, 0, 0.29, 0.87], "texture": "#1"},
				"down": {"uv": [0, 0, 0.29, 0.87], "texture": "#1"}
			}
		},
		{
			"from": [14.48, 9.976, 6.32],
			"to": [18.226, 13.56, 9.87],
			"rotation": {"angle": 0, "axis": "y", "origin": [16.16943, 12.0136, 7.74812]},
			"faces": {
				"north": {"uv": [3.746, 0, 0, 3.584], "texture": "#1"},
				"east": {"uv": [4.55, 1, 1, 4.584], "texture": "#1"},
				"south": {"uv": [4.746, 1, 1, 4.584], "texture": "#1"},
				"west": {"uv": [14.55, 1, 11, 4.584], "texture": "#1"},
				"up": {"uv": [15.746, 12, 12, 15.55], "texture": "#1"},
				"down": {"uv": [7.746, 5, 4, 8.55], "texture": "#1"}
			}
		},
		{
			"from": [14.23, 9.726, 5.32],
			"to": [17.226, 12.56, 7.62],
			"rotation": {"angle": -22.5, "axis": "x", "origin": [15.603, 11.018, 5.97]},
			"faces": {
				"north": {"uv": [2.996, 0, 0, 2.834], "texture": "#1"},
				"east": {"uv": [2.3, 0, 0, 2.834], "texture": "#1"},
				"south": {"uv": [2.996, 0, 0, 2.834], "texture": "#1"},
				"west": {"uv": [10.3, 7, 8, 9.834], "texture": "#1"},
				"up": {"uv": [5.996, 3, 3, 5.3], "texture": "#1"},
				"down": {"uv": [8.996, 5, 6, 7.3], "texture": "#1"}
			}
		},
		{
			"from": [14.588, 10.75047, 8.88125],
			"to": [17.678, 14.03047, 11.89125],
			"rotation": {"angle": 22.5, "axis": "x", "origin": [16.16943, 12.0136, 7.74812]},
			"faces": {
				"north": {"uv": [3.09, 0, 0, 3.28], "texture": "#1"},
				"east": {"uv": [5.01, 1, 2, 4.28], "texture": "#1"},
				"south": {"uv": [3.09, 0, 0, 3.28], "texture": "#1"},
				"west": {"uv": [13.01, 2, 10, 5.28], "texture": "#1"},
				"up": {"uv": [3.09, 0, 0, 3.01], "texture": "#1"},
				"down": {"uv": [3.09, 0, 0, 3.01], "texture": "#1"}
			}
		},
		{
			"from": [14.338, 10.50047, 10.63125],
			"to": [17.928, 14.28047, 11.39125],
			"rotation": {"angle": 22.5, "axis": "x", "origin": [16.16943, 12.0136, 7.74812]},
			"faces": {
				"north": {"uv": [15.59, 12, 12, 15.78], "texture": "#2"},
				"east": {"uv": [4.76, 1, 4, 4.78], "texture": "#2"},
				"south": {"uv": [15.59, 12, 12, 15.78], "texture": "#2"},
				"west": {"uv": [15.76, 5, 15, 8.78], "texture": "#2"},
				"up": {"uv": [6.59, 1, 3, 1.76], "texture": "#2"},
				"down": {"uv": [4.59, 0, 1, 0.76], "texture": "#2"}
			}
		},
		{
			"from": [14.608, 8.9249, 10.6585],
			"to": [17.308, 11.6449, 13.0685],
			"rotation": {"angle": 45, "axis": "x", "origin": [15.833, 10.2849, 11.8635]},
			"faces": {
				"north": {"uv": [2.7, 0, 0, 2.72], "texture": "#1"},
				"east": {"uv": [4.41, 2, 2, 4.72], "texture": "#1"},
				"south": {"uv": [2.7, 0, 0, 2.72], "texture": "#1"},
				"west": {"uv": [12.41, 5, 10, 7.72], "texture": "#1"},
				"up": {"uv": [2.7, 0, 0, 2.41], "texture": "#1"},
				"down": {"uv": [2.7, 0, 0, 2.41], "texture": "#1"}
			}
		},
		{
			"from": [14.77, 6.3092, 10.05608],
			"to": [17.038, 8.4692, 12.23608],
			"rotation": {"angle": -22.5, "axis": "x", "origin": [16.16943, 12.0136, 7.74812]},
			"faces": {
				"north": {"uv": [2.268, 0, 0, 2.16], "rotation": 180, "texture": "#1"},
				"east": {"uv": [2, 4.18, 4.16, 2], "rotation": 90, "texture": "#1"},
				"south": {"uv": [2.268, 0, 0, 2.16], "texture": "#1"},
				"west": {"uv": [8, 9.18, 10.16, 7], "rotation": 270, "texture": "#1"},
				"up": {"uv": [2.268, 0, 0, 2.18], "rotation": 180, "texture": "#1"},
				"down": {"uv": [2.268, 0, 0, 2.18], "texture": "#1"}
			}
		},
		{
			"from": [15.04, 7.06873, 12.06547],
			"to": [16.802, 9.22873, 13.70547],
			"rotation": {"angle": 0, "axis": "y", "origin": [16.16943, 12.0136, 7.74812]},
			"faces": {
				"north": {"uv": [4.762, 2, 3, 4.16], "rotation": 180, "texture": "#1"},
				"east": {"uv": [2, 4.64, 4.16, 3], "rotation": 90, "texture": "#1"},
				"south": {"uv": [1.762, 0, 0, 2.16], "texture": "#1"},
				"west": {"uv": [8, 7.64, 10.16, 6], "rotation": 270, "texture": "#1"},
				"up": {"uv": [1.762, 0, 0, 1.64], "rotation": 180, "texture": "#1"},
				"down": {"uv": [1.762, 0, 0, 1.64], "texture": "#1"}
			}
		},
		{
			"from": [15.306, 8.04163, 13.5662],
			"to": [16.586, 9.66163, 14.6662],
			"rotation": {"angle": 22.5, "axis": "x", "origin": [16.16943, 12.0136, 7.74812]},
			"faces": {
				"north": {"uv": [4.28, 2, 3, 3.62], "rotation": 180, "texture": "#1"},
				"east": {"uv": [0, 1.1, 1.62, 0], "rotation": 90, "texture": "#1"},
				"south": {"uv": [1.28, 0, 0, 1.62], "texture": "#1"},
				"west": {"uv": [11, 2.1, 12.62, 1], "rotation": 270, "texture": "#1"},
				"up": {"uv": [1.28, 0, 0, 1.1], "rotation": 180, "texture": "#1"},
				"down": {"uv": [1.28, 0, 0, 1.1], "texture": "#1"}
			}
		},
		{
			"from": [15.676, 5.10213, 11.39478],
			"to": [16.316, 6.52213, 11.97478],
			"rotation": {"angle": 45, "axis": "x", "origin": [15.921, 5.71213, 11.80978]},
			"faces": {
				"north": {"uv": [0.64, 0, 0, 1.42], "rotation": 180, "texture": "#1"},
				"east": {"uv": [0, 1.5, 2, 0], "rotation": 90, "texture": "#1"},
				"south": {"uv": [1.5, 0, 0, 2], "texture": "#1"},
				"west": {"uv": [11, 1.58, 12.42, 1], "rotation": 270, "texture": "#1"},
				"up": {"uv": [1.5, 0, 0, 1.5], "rotation": 180, "texture": "#1"},
				"down": {"uv": [1.5, 0, 0, 1.5], "texture": "#1"}
			}
		},
		{
			"from": [15.976, 5.00341, 10.65428],
			"to": [16.266, 5.48341, 11.52428],
			"rotation": {"angle": -22.5, "axis": "x", "origin": [16.421, 5.09341, 11.01428]},
			"faces": {
				"north": {"uv": [0.29, 0, 0, 0.48], "rotation": 180, "texture": "#1"},
				"east": {"uv": [0.87, 0, 0, 0.48], "rotation": 180, "texture": "#1"},
				"south": {"uv": [0.29, 0, 0, 0.48], "rotation": 180, "texture": "#1"},
				"west": {"uv": [11.87, 1, 11, 1.48], "rotation": 180, "texture": "#1"},
				"up": {"uv": [0.29, 0, 0, 0.87], "texture": "#1"},
				"down": {"uv": [0.29, 0, 0, 0.87], "texture": "#1"}
			}
		}
	],
	"display": {
		"thirdperson_righthand": {
			"rotation": [0, -55.25, -39],
			"translation": [-0.75, 1.25, -1.25],
			"scale": [0.32, 0.32, 0.32]
		},
		"thirdperson_lefthand": {
			"rotation": [0, -55.25, -39],
			"translation": [-0.75, 1.25, -1.25],
			"scale": [0.32, 0.32, 0.32]
		},
		"firstperson_righthand": {
			"rotation": [0, 25, 0],
			"translation": [0, 1.25, 0],
			"scale": [0.63, 0.63, 0.63]
		},
		"firstperson_lefthand": {
			"rotation": [0, 25, 0],
			"translation": [0, 1.25, 0],
			"scale": [0.63, 0.63, 0.63]
		},
		"ground": {
			"translation": [0, -1.25, 0],
			"scale": [0.6, 0.6, 0.6]
		},
		"gui": {
			"rotation": [-10, -31, -22],
			"translation": [0, -1.25, 0],
			"scale": [0.82, 0.82, 0.82]
		},
		"fixed": {
			"rotation": [0, -180, 0],
			"translation": [0, -2, -2],
			"scale": [0.82, 0.82, 0.82]
		}
	},
	"groups": [
		{
			"name": "group",
			"origin": [8, 8, 8],
			"color": 0,
			"children": [0, 1, 2, 3, 4, 5, 6, 7, 8, 9, 10]
		},
		{
			"name": "group",
			"origin": [8, 8, 8],
			"color": 0,
			"children": [11, 12, 13, 14, 15, 16, 17, 18, 19, 20]
		}
	]
}