{
	"textures": {
		"0": "block/netherite_block",
		"1": "block/gold_block",
		"2": "block/stripped_dark_oak_log",
		"3": "block/blue_concrete"
	},
	"elements": [
		{
			"from": [7.6, 1, 7.6],
			"to": [8.4, 1.5, 8.4],
			"rotation": {"angle": 0, "axis": "y", "origin": [8, 6, 8]},
			"faces": {
				"north": {"uv": [0, 0, 0.8, 0.5], "texture": "#2"},
				"east": {"uv": [0, 0, 0.8, 0.5], "texture": "#2"},
				"south": {"uv": [0, 0, 0.8, 0.5], "texture": "#2"},
				"west": {"uv": [0, 0, 0.8, 0.5], "texture": "#2"},
				"up": {"uv": [0, 0, 0.8, 0.8], "texture": "#2"},
				"down": {"uv": [0, 0, 0.8, 0.8], "texture": "#2"}
			}
		},
		{
			"from": [7.5, 17.5, 7.5],
			"to": [8.5, 21.5, 8.5],
			"rotation": {"angle": 0, "axis": "y", "origin": [8, 6, 8]},
			"faces": {
				"north": {"uv": [7, 0, 8, 4], "texture": "#2"},
				"east": {"uv": [7, 0, 8, 4], "texture": "#2"},
				"south": {"uv": [7, 0, 8, 4], "texture": "#2"},
				"west": {"uv": [7, 0, 8, 4], "texture": "#2"},
				"up": {"uv": [7, 0, 8, 1], "texture": "#2"},
				"down": {"uv": [7, 0, 8, 1], "texture": "#2"}
			}
		},
		{
			"from": [7.6, 15.5, 7.6],
			"to": [8.4, 17.5, 8.4],
			"rotation": {"angle": 0, "axis": "y", "origin": [8, 6, 8]},
			"faces": {
				"north": {"uv": [7, 0, 7.8, 2], "texture": "#2"},
				"east": {"uv": [7, 0, 7.8, 2], "texture": "#2"},
				"south": {"uv": [7, 0, 7.8, 2], "texture": "#2"},
				"west": {"uv": [7, 0, 7.8, 2], "texture": "#2"},
				"up": {"uv": [7, 0, 7.8, 0.8], "texture": "#2"},
				"down": {"uv": [7, 0, 7.8, 0.8], "texture": "#2"}
			}
		},
		{
			"from": [7.7, 6.5, 7.7],
			"to": [8.3, 15.5, 8.3],
			"rotation": {"angle": 0, "axis": "y", "origin": [8, 6, 8]},
			"faces": {
				"north": {"uv": [7, 0, 7.6, 9], "texture": "#2"},
				"east": {"uv": [7, 0, 7.6, 9], "texture": "#2"},
				"south": {"uv": [7, 0, 7.6, 9], "texture": "#2"},
				"west": {"uv": [7, 0, 7.6, 9], "texture": "#2"},
				"up": {"uv": [7, 0, 7.6, 0.6], "texture": "#2"},
				"down": {"uv": [7, 0, 7.6, 0.6], "texture": "#2"}
			}
		},
		{
			"from": [7.45, 1.5, 7.45],
			"to": [8.55, 6.5, 8.55],
			"rotation": {"angle": 0, "axis": "y", "origin": [8, 6, 8]},
			"faces": {
				"north": {"uv": [7, 0, 8.1, 5], "texture": "#2"},
				"east": {"uv": [7, 0, 8.1, 5], "texture": "#2"},
				"south": {"uv": [7, 0, 8.1, 5], "texture": "#2"},
				"west": {"uv": [7, 0, 8.1, 5], "texture": "#2"},
				"up": {"uv": [7, 0, 8.1, 1.1], "texture": "#2"},
				"down": {"uv": [7, 0, 8.1, 1.1], "texture": "#2"}
			}
		},
		{
			"from": [7.65, 21.5, 7.65],
			"to": [8.35, 22.25, 8.35],
			"rotation": {"angle": 0, "axis": "y", "origin": [8, 6, 8]},
			"faces": {
				"north": {"uv": [0, 0, 0.7, 0.75], "texture": "#2"},
				"east": {"uv": [0, 0, 0.7, 0.75], "texture": "#2"},
				"south": {"uv": [0, 0, 0.7, 0.75], "texture": "#2"},
				"west": {"uv": [0, 0, 0.7, 0.75], "texture": "#2"},
				"up": {"uv": [0, 0, 0.7, 0.7], "texture": "#2"},
				"down": {"uv": [0, 0, 0.7, 0.7], "texture": "#2"}
			}
		},
		{
			"from": [7.45, 22.05, 7.75],
			"to": [8.55, 23.15, 8.25],
			"rotation": {"angle": 45, "axis": "z", "origin": [8, 22.625, 8]},
			"faces": {
				"north": {"uv": [6, 5, 7.1, 6.1], "texture": "#1"},
				"east": {"uv": [6, 5, 6.5, 6.1], "texture": "#1"},
				"south": {"uv": [6, 5, 7.1, 6.1], "texture": "#1"},
				"west": {"uv": [6, 5, 6.5, 6.1], "texture": "#1"},
				"up": {"uv": [6, 5, 7.1, 5.5], "texture": "#1"},
				"down": {"uv": [6, 5, 7.1, 5.5], "texture": "#1"}
			}
		},
		{
			"from": [7.75, 22.35, 7.65],
			"to": [8.25, 22.85, 8.35],
			"rotation": {"angle": 45, "axis": "z", "origin": [8, 22.625, 8]},
			"faces": {
				"north": {"uv": [3, 6, 3.5, 6.5], "texture": "#3"},
				"east": {"uv": [3, 6, 3.7, 6.5], "texture": "#3"},
				"south": {"uv": [3, 6, 3.5, 6.5], "texture": "#3"},
				"west": {"uv": [3, 6, 3.7, 6.5], "texture": "#3"},
				"up": {"uv": [3, 6, 3.5, 6.7], "texture": "#3"},
				"down": {"uv": [3, 6, 3.5, 6.7], "texture": "#3"}
			}
		},
		{
			"from": [2.5, -1.95, 7.75],
			"to": [3.35, -1.1, 8.25],
			"rotation": {"angle": -45, "axis": "z", "origin": [8, -6.625, 8]},
			"faces": {
				"north": {"uv": [0, 1.1, 0.85, 1.95], "texture": "#1"},
				"east": {"uv": [0, 1.1, 0.5, 1.95], "texture": "#1"},
				"south": {"uv": [0, 1.1, 0.85, 1.95], "texture": "#1"},
				"west": {"uv": [0, 1.1, 0.5, 1.95], "texture": "#1"},
				"up": {"uv": [0, 1.1, 0.85, 1.6], "texture": "#1"},
				"down": {"uv": [0, 1.1, 0.85, 1.6], "texture": "#1"}
			}
		},
		{
			"from": [2.7, -1.75, 7.65],
			"to": [3.15, -1.3, 8.35],
			"rotation": {"angle": -45, "axis": "z", "origin": [8, -6.625, 8]},
			"faces": {
				"north": {"uv": [0, 0.5, 0.45, 0.95], "texture": "#3"},
				"east": {"uv": [0, 0.5, 0.7, 0.95], "texture": "#3"},
				"south": {"uv": [0, 0.5, 0.45, 0.95], "texture": "#3"},
				"west": {"uv": [0, 0.5, 0.7, 0.95], "texture": "#3"},
				"up": {"uv": [0, 0.5, 0.45, 1.2], "texture": "#3"},
				"down": {"uv": [0, 0.5, 0.45, 1.2], "texture": "#3"}
			}
		},
		{
			"from": [5.2, 16.7, 7.55],
			"to": [7.5, 19, 8.45],
			"rotation": {"angle": 45, "axis": "z", "origin": [4.7, 19, 8]},
			"faces": {
				"north": {"uv": [11, 11, 13.3, 13.3], "texture": "#0"},
				"east": {"uv": [0, 0, 0.9, 2.3], "texture": "#0"},
				"south": {"uv": [11, 11, 13.3, 13.3], "texture": "#0"},
				"west": {"uv": [0, 0, 0.9, 2.3], "texture": "#0"},
				"up": {"uv": [0, 0, 2.3, 0.9], "texture": "#0"},
				"down": {"uv": [0, 0, 2.3, 0.9], "texture": "#0"}
			}
		},
		{
			"from": [5.95, 17.45, 7.4],
			"to": [6.75, 18.25, 8.6],
			"rotation": {"angle": 45, "axis": "z", "origin": [4.7, 19, 8]},
			"faces": {
				"north": {"uv": [5, 8, 5.8, 8.8], "texture": "#3"},
				"east": {"uv": [0, 0, 1.2, 0.8], "texture": "#3"},
				"south": {"uv": [0, 0, 0.8, 0.8], "texture": "#3"},
				"west": {"uv": [0, 0, 1.2, 0.8], "texture": "#3"},
				"up": {"uv": [0, 0, 0.8, 1.2], "texture": "#3"},
				"down": {"uv": [0, 0, 0.8, 1.2], "texture": "#3"}
			}
		},
		{
			"from": [8.35, 15.15, 7.4],
			"to": [9.05, 15.85, 8.6],
			"rotation": {"angle": 45, "axis": "z", "origin": [4.7, 19, 8]},
			"faces": {
				"north": {"uv": [2, 4, 2.7, 4.7], "texture": "#3"},
				"east": {"uv": [0, 0, 1.2, 0.7], "texture": "#3"},
				"south": {"uv": [0, 0, 0.7, 0.7], "texture": "#3"},
				"west": {"uv": [0, 0, 1.2, 0.7], "texture": "#3"},
				"up": {"uv": [0, 0, 0.7, 1.2], "texture": "#3"},
				"down": {"uv": [0, 0, 0.7, 1.2], "texture": "#3"}
			}
		},
		{
			"from": [4.6, 18.65, 7.5],
			"to": [5.55, 19.6, 8.5],
			"rotation": {"angle": 45, "axis": "z", "origin": [4.7, 19, 8]},
			"faces": {
				"north": {"uv": [9, 5, 9.95, 5.95], "texture": "#3"},
				"east": {"uv": [0, 0, 1, 0.95], "texture": "#3"},
				"south": {"uv": [0, 0, 0.95, 0.95], "texture": "#3"},
				"west": {"uv": [0, 0, 1, 0.95], "texture": "#3"},
				"up": {"uv": [0, 0, 0.95, 1], "texture": "#3"},
				"down": {"uv": [0, 0, 0.95, 1], "texture": "#3"}
			}
		},
		{
			"from": [8.2, 18.25, 7.55],
			"to": [10.3, 20.45, 8.45],
			"rotation": {"angle": 0, "axis": "y", "origin": [4.7, 19.1, 8]},
			"faces": {
				"north": {"uv": [11, 11, 13.1, 13.2], "texture": "#0"},
				"east": {"uv": [0, 0, 0.9, 2.2], "texture": "#0"},
				"south": {"uv": [11, 11, 13.1, 13.2], "texture": "#0"},
				"west": {"uv": [0, 0, 0.9, 2.2], "texture": "#0"},
				"up": {"uv": [0, 0, 2.1, 0.9], "texture": "#0"},
				"down": {"uv": [0, 0, 2.1, 0.9], "texture": "#0"}
			}
		},
		{
			"from": [10.08536, 17.07053, 7.65],
			"to": [10.68536, 18.97053, 8.35],
			"rotation": {"angle": 22.5, "axis": "z", "origin": [10.58536, 18.07053, 8]},
			"faces": {
				"north": {"uv": [13, 12, 13.6, 13.9], "rotation": 180, "texture": "#0"},
				"east": {"uv": [0, 0, 0.7, 1.9], "rotation": 180, "texture": "#0"},
				"south": {"uv": [0, 0, 0.6, 1.9], "rotation": 180, "texture": "#0"},
				"west": {"uv": [0, 0, 0.7, 1.9], "rotation": 180, "texture": "#0"},
				"up": {"uv": [0, 0, 0.6, 0.7], "rotation": 180, "texture": "#0"},
				"down": {"uv": [0, 0, 0.6, 0.7], "rotation": 180, "texture": "#0"}
			}
		},
		{
			"from": [9.08536, 19.47053, 7.65],
			"to": [9.68536, 21.37053, 8.35],
			"rotation": {"angle": -22.5, "axis": "z", "origin": [10.58536, 18.07053, 8]},
			"faces": {
				"north": {"uv": [13, 11, 13.6, 12.9], "rotation": 180, "texture": "#0"},
				"east": {"uv": [0, 0, 0.7, 1.9], "rotation": 180, "texture": "#0"},
				"south": {"uv": [0, 0, 0.6, 1.9], "rotation": 180, "texture": "#0"},
				"west": {"uv": [0, 0, 0.7, 1.9], "rotation": 180, "texture": "#0"},
				"up": {"uv": [0, 0, 0.6, 0.7], "rotation": 180, "texture": "#0"},
				"down": {"uv": [0, 0, 0.6, 0.7], "rotation": 180, "texture": "#0"}
			}
		},
		{
			"from": [10.3, 18.75, 7.55],
			"to": [11.8, 19.95, 8.45],
			"rotation": {"angle": 0, "axis": "y", "origin": [4.7, 19.1, 8]},
			"faces": {
				"north": {"uv": [12, 11, 13.5, 12.2], "texture": "#0"},
				"east": {"uv": [0, 0, 0.9, 1.2], "texture": "#0"},
				"south": {"uv": [12, 11, 13.5, 12.2], "texture": "#0"},
				"west": {"uv": [0, 0, 0.9, 1.2], "texture": "#0"},
				"up": {"uv": [0, 0, 1.5, 0.9], "texture": "#0"},
				"down": {"uv": [0, 0, 1.5, 0.9], "texture": "#0"}
			}
		},
		{
			"from": [10.2, 17.75, 7.75],
			"to": [10.8, 20.95, 8.25],
			"rotation": {"angle": 0, "axis": "y", "origin": [4.7, 19.1, 8]},
			"faces": {
				"north": {"uv": [12, 10, 12.6, 13.2], "texture": "#0"},
				"east": {"uv": [0, 0, 0.5, 3.2], "texture": "#0"},
				"south": {"uv": [0, 0, 0.6, 3.2], "texture": "#0"},
				"west": {"uv": [0, 0, 0.5, 3.2], "texture": "#0"},
				"up": {"uv": [0, 0, 0.6, 0.5], "texture": "#0"},
				"down": {"uv": [0, 0, 0.6, 0.5], "texture": "#0"}
			}
		},
		{
			"from": [11.85, 18.5, 7.65],
			"to": [12.85, 19.5, 8.35],
			"rotation": {"angle": -45, "axis": "z", "origin": [12.55, 19.2, 8]},
			"faces": {
				"north": {"uv": [8, 4, 9, 5], "texture": "#1"},
				"east": {"uv": [0, 0, 0.7, 1], "texture": "#1"},
				"south": {"uv": [0, 0, 1, 1], "texture": "#1"},
				"west": {"uv": [0, 0, 0.7, 1], "texture": "#1"},
				"up": {"uv": [0, 0, 1, 0.7], "texture": "#1"},
				"down": {"uv": [0, 0, 1, 0.7], "texture": "#1"}
			}
		},
		{
			"from": [12.15, 18.8, 7.55],
			"to": [12.55, 19.2, 8.45],
			"rotation": {"angle": -45, "axis": "z", "origin": [12.55, 19.2, 8]},
			"faces": {
				"north": {"uv": [0, 0, 0.4, 0.4], "texture": "#3"},
				"east": {"uv": [0, 0, 0.9, 0.4], "texture": "#3"},
				"south": {"uv": [0, 0, 0.4, 0.4], "texture": "#3"},
				"west": {"uv": [0, 0, 0.9, 0.4], "texture": "#3"},
				"up": {"uv": [0, 0, 0.4, 0.9], "texture": "#3"},
				"down": {"uv": [0, 0, 0.4, 0.9], "texture": "#3"}
			}
		},
		{
			"from": [3.95, 18.5, 7.75],
			"to": [6.45, 20.5, 8.05],
			"rotation": {"angle": 0, "axis": "y", "origin": [4.7, 19, 8]},
			"faces": {
				"north": {"uv": [12, 11, 14, 13.5], "rotation": 90, "texture": "#0"},
				"east": {"uv": [0, 0, 2, 0.3], "rotation": 270, "texture": "#0"},
				"south": {"uv": [12, 11, 14, 13.5], "rotation": 270, "texture": "#0"},
				"west": {"uv": [0, 0, 2, 0.3], "rotation": 270, "texture": "#0"},
				"up": {"uv": [0, 0, 0.3, 2.5], "rotation": 270, "texture": "#0"},
				"down": {"uv": [0, 0, 0.3, 2.5], "rotation": 270, "texture": "#0"}
			}
		},
		{
			"from": [3.95, 15, 7.65],
			"to": [4.95, 17, 8.25],
			"rotation": {"angle": 45, "axis": "z", "origin": [-0.8, 19.5, 7.9]},
			"faces": {
				"north": {"uv": [0, 0, 2, 1], "rotation": 90, "texture": "#0"},
				"east": {"uv": [0, 0, 2, 0.6], "rotation": 270, "texture": "#0"},
				"south": {"uv": [0, 0, 2, 1], "rotation": 270, "texture": "#0"},
				"west": {"uv": [0, 0, 2, 0.6], "rotation": 270, "texture": "#0"},
				"up": {"uv": [0, 0, 0.6, 1], "rotation": 270, "texture": "#0"},
				"down": {"uv": [0, 0, 0.6, 1], "rotation": 270, "texture": "#0"}
			}
		},
		{
			"from": [3.85165, 14.9519, 7.65],
			"to": [5.85165, 15.9519, 8.15],
			"rotation": {"angle": 45, "axis": "z", "origin": [1.85165, 17.2019, 7.9]},
			"faces": {
				"north": {"uv": [0, 0, 2, 1], "rotation": 180, "texture": "#0"},
				"east": {"uv": [0, 0, 0.5, 1], "rotation": 180, "texture": "#0"},
				"south": {"uv": [0, 0, 2, 1], "rotation": 180, "texture": "#0"},
				"west": {"uv": [0, 0, 0.5, 1], "rotation": 180, "texture": "#0"},
				"up": {"uv": [0, 0, 2, 0.5], "rotation": 180, "texture": "#0"},
				"down": {"uv": [0, 0, 2, 0.5], "rotation": 180, "texture": "#0"}
			}
		},
		{
			"from": [3.95, 17.8, 7.85],
			"to": [5.05, 22, 7.95],
			"rotation": {"angle": 0, "axis": "y", "origin": [4.7, 19, 8]},
			"faces": {
				"north": {"uv": [0, 0, 4.2, 1.1], "rotation": 90, "texture": "#0"},
				"east": {"uv": [0, 0, 4.2, 0.1], "rotation": 270, "texture": "#0"},
				"south": {"uv": [0, 0, 4.2, 1.1], "rotation": 270, "texture": "#0"},
				"west": {"uv": [0, 0, 4.2, 0.1], "rotation": 270, "texture": "#0"},
				"up": {"uv": [0, 0, 0.1, 1.1], "rotation": 270, "texture": "#0"},
				"down": {"uv": [0, 0, 0.1, 1.1], "rotation": 270, "texture": "#0"}
			}
		},
		{
			"from": [3.55, 17.9, 7.45],
			"to": [4.15, 21.9, 8.55],
			"rotation": {"angle": 0, "axis": "y", "origin": [4.7, 19, 8]},
			"faces": {
				"north": {"uv": [0, 0, 4, 0.6], "rotation": 90, "texture": "#0"},
				"east": {"uv": [0, 0, 4, 1.1], "rotation": 270, "texture": "#0"},
				"south": {"uv": [0, 0, 4, 0.6], "rotation": 270, "texture": "#0"},
				"west": {"uv": [0, 0, 4, 1.1], "rotation": 270, "texture": "#0"},
				"up": {"uv": [0, 0, 1.1, 0.6], "rotation": 270, "texture": "#0"},
				"down": {"uv": [0, 0, 1.1, 0.6], "rotation": 270, "texture": "#0"}
			}
		},
		{
			"from": [3.65, 15, 7.55],
			"to": [4.15, 18.1, 8.45],
			"rotation": {"angle": 45, "axis": "z", "origin": [3.75, 17.9, 8]},
			"faces": {
				"north": {"uv": [0, 0, 3.1, 0.5], "rotation": 90, "texture": "#0"},
				"east": {"uv": [0, 0, 3.1, 0.9], "rotation": 270, "texture": "#0"},
				"south": {"uv": [0, 0, 3.1, 0.5], "rotation": 270, "texture": "#0"},
				"west": {"uv": [0, 0, 3.1, 0.9], "rotation": 270, "texture": "#0"},
				"up": {"uv": [0, 0, 0.9, 0.5], "rotation": 270, "texture": "#0"},
				"down": {"uv": [0, 0, 0.9, 0.5], "rotation": 270, "texture": "#0"}
			}
		},
		{
			"from": [5.03241, 14.87972, 7.75],
			"to": [5.43241, 16.87972, 8.25],
			"rotation": {"angle": 22.5, "axis": "z", "origin": [5.48241, 16.37972, 8]},
			"faces": {
				"north": {"uv": [0, 0, 2, 0.4], "rotation": 90, "texture": "#0"},
				"east": {"uv": [0, 0, 2, 0.5], "rotation": 270, "texture": "#0"},
				"south": {"uv": [0, 0, 2, 0.4], "rotation": 270, "texture": "#0"},
				"west": {"uv": [0, 0, 2, 0.5], "rotation": 270, "texture": "#0"},
				"up": {"uv": [0, 0, 0.5, 0.4], "rotation": 270, "texture": "#0"},
				"down": {"uv": [0, 0, 0.5, 0.4], "rotation": 270, "texture": "#0"}
			}
		},
		{
			"from": [5.65, 12.9, 7.65],
			"to": [6.05, 16.1, 8.35],
			"rotation": {"angle": 0, "axis": "y", "origin": [3.75, 17.9, 8]},
			"faces": {
				"north": {"uv": [0, 0, 3.2, 0.4], "rotation": 90, "texture": "#0"},
				"east": {"uv": [0, 0, 3.2, 0.7], "rotation": 270, "texture": "#0"},
				"south": {"uv": [0, 0, 3.2, 0.4], "rotation": 270, "texture": "#0"},
				"west": {"uv": [0, 0, 3.2, 0.7], "rotation": 270, "texture": "#0"},
				"up": {"uv": [0, 0, 0.7, 0.4], "rotation": 270, "texture": "#0"},
				"down": {"uv": [0, 0, 0.7, 0.4], "rotation": 270, "texture": "#0"}
			}
		},
		{
			"from": [4.15, 21.4, 7.55],
			"to": [5.45, 24.2, 8.45],
			"rotation": {"angle": -22.5, "axis": "z", "origin": [3.75, 22.9, 8]},
			"faces": {
				"north": {"uv": [11, 12, 13.8, 13.3], "rotation": 90, "texture": "#0"},
				"east": {"uv": [0, 0, 2.8, 0.9], "rotation": 270, "texture": "#0"},
				"south": {"uv": [11, 12, 13.8, 13.3], "rotation": 270, "texture": "#0"},
				"west": {"uv": [0, 0, 2.8, 0.9], "rotation": 270, "texture": "#0"},
				"up": {"uv": [0, 0, 0.9, 1.3], "rotation": 270, "texture": "#0"},
				"down": {"uv": [0, 0, 0.9, 1.3], "rotation": 270, "texture": "#0"}
			}
		},
		{
			"from": [4.95, 22.5, 7.65],
			"to": [5.55, 24.8, 8.35],
			"rotation": {"angle": 22.5, "axis": "z", "origin": [3.75, 22.9, 8]},
			"faces": {
				"north": {"uv": [0, 0, 2.3, 0.6], "rotation": 90, "texture": "#0"},
				"east": {"uv": [0, 0, 2.3, 0.7], "rotation": 270, "texture": "#0"},
				"south": {"uv": [0, 0, 2.3, 0.6], "rotation": 270, "texture": "#0"},
				"west": {"uv": [0, 0, 2.3, 0.7], "rotation": 270, "texture": "#0"},
				"up": {"uv": [0, 0, 0.7, 0.6], "rotation": 270, "texture": "#0"},
				"down": {"uv": [0, 0, 0.7, 0.6], "rotation": 270, "texture": "#0"}
			}
		},
		{
			"from": [4.15, 22.7, 7.75],
			"to": [4.75, 25.6, 8.25],
			"rotation": {"angle": 0, "axis": "y", "origin": [3.75, 22.9, 8]},
			"faces": {
				"north": {"uv": [0, 0, 2.9, 0.6], "rotation": 90, "texture": "#0"},
				"east": {"uv": [0, 0, 2.9, 0.5], "rotation": 270, "texture": "#0"},
				"south": {"uv": [0, 0, 2.9, 0.6], "rotation": 270, "texture": "#0"},
				"west": {"uv": [0, 0, 2.9, 0.5], "rotation": 270, "texture": "#0"},
				"up": {"uv": [0, 0, 0.5, 0.6], "rotation": 270, "texture": "#0"},
				"down": {"uv": [0, 0, 0.5, 0.6], "rotation": 270, "texture": "#0"}
			}
		},
		{
			"from": [3.95, 23.8, 7.9],
			"to": [4.45, 26.2, 8.1],
			"rotation": {"angle": 0, "axis": "y", "origin": [3.75, 23.3, 8]},
			"faces": {
				"north": {"uv": [0, 0, 2.4, 0.5], "rotation": 90, "texture": "#1"},
				"east": {"uv": [0, 0, 2.4, 0.2], "rotation": 270, "texture": "#1"},
				"south": {"uv": [0, 0, 2.4, 0.5], "rotation": 270, "texture": "#1"},
				"west": {"uv": [0, 0, 2.4, 0.2], "rotation": 270, "texture": "#1"},
				"up": {"uv": [0, 0, 0.2, 0.5], "rotation": 270, "texture": "#1"},
				"down": {"uv": [0, 0, 0.2, 0.5], "rotation": 270, "texture": "#1"}
			}
		},
		{
			"from": [3.35, 21, 7.9],
			"to": [4.05, 24.5, 8.1],
			"rotation": {"angle": -22.5, "axis": "z", "origin": [4.7, 22.4, 8]},
			"faces": {
				"north": {"uv": [0, 0, 3.5, 0.7], "rotation": 90, "texture": "#1"},
				"east": {"uv": [0, 0, 3.5, 0.2], "rotation": 270, "texture": "#1"},
				"south": {"uv": [4, 6, 7.5, 6.7], "rotation": 270, "texture": "#1"},
				"west": {"uv": [0, 0, 3.5, 0.2], "rotation": 270, "texture": "#1"},
				"up": {"uv": [0, 0, 0.2, 0.7], "rotation": 270, "texture": "#1"},
				"down": {"uv": [0, 0, 0.2, 0.7], "rotation": 270, "texture": "#1"}
			}
		},
		{
			"from": [2.84484, 17.7795, 7.8],
			"to": [3.64484, 22.0795, 8.2],
			"rotation": {"angle": 0, "axis": "y", "origin": [4.09484, 23.0295, 8]},
			"faces": {
				"north": {"uv": [0, 0, 4.3, 0.8], "rotation": 90, "texture": "#1"},
				"east": {"uv": [0, 0, 4.3, 0.4], "rotation": 270, "texture": "#1"},
				"south": {"uv": [5, 7, 9.3, 7.8], "rotation": 270, "texture": "#1"},
				"west": {"uv": [0, 0, 4.3, 0.4], "rotation": 270, "texture": "#1"},
				"up": {"uv": [0, 0, 0.4, 0.8], "rotation": 270, "texture": "#1"},
				"down": {"uv": [0, 0, 0.4, 0.8], "rotation": 270, "texture": "#1"}
			}
		},
		{
			"from": [3.94484, 14.1795, 7.8],
			"to": [4.54484, 17.7795, 8.2],
			"rotation": {"angle": 45, "axis": "z", "origin": [3.34484, 16.5795, 8]},
			"faces": {
				"north": {"uv": [0, 0, 3.6, 0.6], "rotation": 90, "texture": "#1"},
				"east": {"uv": [0, 0, 3.6, 0.4], "rotation": 270, "texture": "#1"},
				"south": {"uv": [4, 6, 7.6, 6.6], "rotation": 270, "texture": "#1"},
				"west": {"uv": [0, 0, 3.6, 0.4], "rotation": 270, "texture": "#1"},
				"up": {"uv": [0, 0, 0.4, 0.6], "rotation": 270, "texture": "#1"},
				"down": {"uv": [0, 0, 0.4, 0.6], "rotation": 270, "texture": "#1"}
			}
		},
		{
			"from": [5.24484, 12.4795, 7.8],
			"to": [5.74484, 15.6795, 8.2],
			"rotation": {"angle": 0, "axis": "y", "origin": [3.34484, 16.5795, 8]},
			"faces": {
				"north": {"uv": [0, 0, 3.2, 0.5], "rotation": 90, "texture": "#1"},
				"east": {"uv": [0, 0, 3.2, 0.4], "rotation": 270, "texture": "#1"},
				"south": {"uv": [0, 0, 3.2, 0.5], "rotation": 270, "texture": "#1"},
				"west": {"uv": [0, 0, 3.2, 0.4], "rotation": 270, "texture": "#1"},
				"up": {"uv": [0, 0, 0.4, 0.5], "rotation": 270, "texture": "#1"},
				"down": {"uv": [0, 0, 0.4, 0.5], "rotation": 270, "texture": "#1"}
			}
		},
		{
			"from": [4.94484, 14.3795, 7.9],
			"to": [5.44484, 16.7795, 8.1],
			"rotation": {"angle": 22.5, "axis": "z", "origin": [5.49484, 15.0795, 8]},
			"faces": {
				"north": {"uv": [0, 0, 2.4, 0.5], "rotation": 90, "texture": "#1"},
				"east": {"uv": [0, 0, 2.4, 0.2], "rotation": 270, "texture": "#1"},
				"south": {"uv": [0, 0, 2.4, 0.5], "rotation": 270, "texture": "#1"},
				"west": {"uv": [0, 0, 2.4, 0.2], "rotation": 270, "texture": "#1"},
				"up": {"uv": [0, 0, 0.2, 0.5], "rotation": 270, "texture": "#1"},
				"down": {"uv": [0, 0, 0.2, 0.5], "rotation": 270, "texture": "#1"}
			}
		}
	],
	"display": {
		"thirdperson_righthand": {
			"rotation": [0, -90, 0],
			"translation": [0, 2, 0]
		},
		"thirdperson_lefthand": {
			"rotation": [0, 90, 0]
		},
		"firstperson_righthand": {
			"rotation": [0, -80, 0],
			"translation": [0.5, -0.5, 0]
		},
		"firstperson_lefthand": {
			"rotation": [0, 80, 0],
			"translation": [0.5, -0.5, 0]
		},
		"ground": {
			"rotation": [0, 0, 39],
			"translation": [1.75, 1, 0],
			"scale": [0.74, 0.74, 0.74]
		},
		"gui": {
			"rotation": [0, 162.5, 36],
			"translation": [-3.75, -2.75, 0],
			"scale": [0.78, 0.78, 0.78]
		},
		"head": {
			"translation": [0, 14.5, 0]
		},
		"fixed": {
			"translation": [0, -4, 0],
			"scale": [0.7, 0.7, 0.7]
		}
	},
	"groups": [
		{
			"name": "handle",
			"origin": [8, 8, 8],
			"color": 0,
			"children": [0, 1, 2, 3, 4, 5, 6, 7, 8, 9]
		},
		{
			"name": "head",
			"origin": [7.5, 7.5, 7.5],
			"color": 0,
			"children": [10, 11, 12, 13, 14, 15, 16, 17, 18, 19, 20, 21, 22, 23, 24, 25, 26, 27, 28, 29, 30, 31]
		},
		{
			"name": "blade",
			"origin": [8, 8, 8],
			"color": 1,
			"children": [32, 33, 34, 35, 36, 37]
		}
	]
}